name,price
"Попкорн солёный Маркет Перекрёсток, 100г","59,99"
,"59,99"
"Попкорн солёный Маркет Перекрёсток, 100г","59,99"
"Попкорн сырный Маркет Перекрёсток, 85г","65,99"
"Кукуруза воздушная Маккорн с карамелью, 250г","69,99"
"Кукуруза воздушная Маккорн шоколадный вкус, 250г","95,99"
name,price
"Полотенца бумажные белые 2 слоя Home Story, 2шт","74,99"
"Квас Очаковский двойного брожения, 2л","89,99"
"Вода Святой источник ключевая питьевая негазированная, 1.5л","39,99"
"Вода Святой источник природная питьевая газированная, 1.5л","39,99"
"Вода Псыж минеральная питьевая лечебно-столовая газированная, 1л","44,99"
"Индейка Bahar Keto с овощами, 170г","159,99"
"Яйцо куриное пищевое столовое С1 Пр!ст, 10шт","69,99"
Головы цыплят-бройлеров замороженные,"65,99"
"Набор конфет Merci шоколадные ассорти 8 видов шоколада, 250г","249,99"
"Вино безалкогольное Free Feather Шардоне белое полусладкое, 750мл","339,99"
"Бумага рисовая Sen Soy Premium, 100г","99,99"
"Сельдь атлантическая Матиас XXL отборный оливковый филе слабосолёное в масле, 300г","179,99"
"Сельдь Русское Море Исландка филе-кусочки в красном вине, 115г","79,99"
"Холодный чай Lipton Зеленый, 1.5л","149,99"
Ноги свиные замороженные,"91,99"
"Конфеты Красный Октябрь Ромашки, 250г","139,99"
"Индейка Bahar с артишоками, 165г","159,99"
"Сельдь оригинальное филе Новый Океан, 250г","139,99"
"Яйцо куриное столовое С1 Маркет Перекрёсток, 10шт","79,99"
"Черника быстрозамороженная Маркет Перекрёсток, 300г","249,99"
"Водоросли морские Sen Soy Premium Суши-нори, 28г","199,99"
"Жевательная резинка Chupa Chups Big Babol Клубника, 21г","19,99"
"Козинак Азовская КФ подсолнечный, 50г","13,99"
"Жевательная резинка Ментос Пьюр Фреш мята, 23.3г","39,99"
"Жвачка Dirol XXl Мята без сахара, 19г","29,99"
"Жевательная резинка Mentos Pure White Нежная мята, 15.5г","29,99"
"Жевательная резинка Mentos Pure Fresh Свежая мята, 15.5г","29,99"
"Рахат-лукум Азовская КФ ассорти, 200г","71,99"
"Щербет сливочный Bonte Bakery, 200г","49,99"
"Халва Азовская КФ подсолнечная, 350г","91,99"
"Халва льняная с семенами льна на фруктозе Зелёная Линия, 250г","99,99"
"Козинак Азовская КФ подсолнечный, 159г","37,99"
"Изделие кондитерское Чак-Чак Маркет, 300г","119,99"
"Драже M&M's Солёный арахис с солью и молочным шоколадом в хрустящей разноцветной глазури, 145г","149,99"
"Батончик шоколадный Snickers, 50.5г","59,99"
Баклажаны,"289,99"
"Вафли Яшкино Шоколадные, 300г","104,99"
"Вафли Коровка Топлёное молоко, 300г","169,99"
"Форель Gustafsen филе-кусок слабосолёная, 180г","299,99"
"Пряники заварные глазированные с клюквенной начинкой Bonte, 300г","64,99"
"Мини-маффины с варёной сгущёнкой Bonte, 432.9г","124,99"
"Шоколадное яйцо Kinder Joy UglyDolls Для девочек с игрушкой, 20г","139,99"
"Конфеты Райские Облака суфле сливочное, 200г","114,99"
"Вафли Яшкино в шоколадной глазури, 200г","59,99"
Пангасиус филе из замороженного сырья,"299,00"
"Килька Балтийский Берег из филе кильки балтийской пряного посола в масле, 145г","149,99"
"Драже Tic Tac Клубничный Микс, 16г","77,99"
"Йогурт Epica Crispy карамель 10.2%, 140г","81,99"
"Шоколад молочный Milka с карамельной начинкой, 90г","99,99"
Дорадо охлаждённая,"799,00"
"Кекс Русский Бисквит Мраморный с какао, 225г","77,99"
"Шоколад молочный Ritter Sport с кусочками солёного кешью, 100г","139,99"
"Мармелад Fruittella Змеи XXL жевательный, 70г","79,99"
"Печенье Кухмастер Американо сдобное с кусочками шоколада, 270г","134,99"
"Крекер Яшкино Французский хрустящий с кунжутом, 185г","49,99"
"Петрушка упаковка, 100г","74,99"
"Печенье Belvita Утреннее витаминизированное фундук-мёд, 225г","149,99"
"Чипсы Lay's Stax Ребрышки барбекю, 140г","239,99"
"Печенье Lotte Choco Pie прослоёное глазированное, 336г","194,99"
"Мини-рулеты Мастер Десерта бисквитные с кремом варёная сгущёнка, 175г","69,99"
"Мармелад Мармеландия Фруктовый коктейль, 250г","159,99"
"Йогурт Epica питьевой Натуральный 2.9%, 260мл","54,99"
"Зефир Шармэль ваниль, 85г","81,99"
"Ирис Meller с шоколадом, 38г","51,99"
"Шоколад молочный Milka Bubbles пористый c кокосовой начинкой, 92г","89,99"
"Зефир Шармэль Классический в шоколаде, 75г","119,99"
"Печенье Юбилейное с овсяными хлопьями витаминизированное, 268г","69,99"
"Шоколад Ritter Sport Лесной орех амарант, 100г","149,99"
"Крекер Tuc Cheezzz с сыром, 100г","82,49"
"Рулет Kovis De Luxe бисквитный с варёной сгущёнкой, 200г","54,99"
"Печенье Oreo с какао начинкой ваниль, 228г","139,99"
"Сёмга Русское Море филе-ломтики слабосолёная, 120г","369,99"
"Йогурт Epica питьевой манго 2.5%, 260мл","54,99"
"Йогурт Epica питьевой вишня-банан 2.5%, 260мл","54,99"
Карамель Chupa Chups Мини ассорти вкусов клубники-яблока-апельсина-колы,"799,99"
"Йогурт Даниссимо с хрустящими шариками и солёной карамелью 6.9%, 105г","65,99"
"Шоколад Ritter Sport Миндаль киноа тёмный, 100г","149,99"
"Круассан 7 Days с кремом ваниль, 4х65г","164,99"
"Пирожное Orion Choco Pie Dark в глазури, 12x30г","219,99"
"Печенье Choco Pie прослоённое глазированное, 168г","97,99"
"Печенье Milka Biscuits с кусочками молочного шоколада, 168г","229,99"
"Конфеты Mamba Волшебный твист жевательные ассорти вкусов, 150г","179,99"
"Мармелад Mamba Сочный центр фрумеладки жевательный, 70г","69,99"
"Паста Санта Бремор Антарктик криль сливочно-чесночный из морепродуктов, 150г","109,99"
"Сахарная вата Счастливые дети в шарике, 16г","23,99"
"Шоколад молочный Milka, 85г","99,99"
"Йогурт Teos Греческий Черника 2%, 140г","53,99"
"Сельдерей черешковый, 1шт","149,99"
Конфеты Рот Фронт Батончики шоколадно-сливочные,"499,90"
"Сыр Galbani Моцарелла мини 45%, 150г","259,99"
Печенье песочное Twix Minis с карамелью и шоколадом,"899,99"
"Круассан Chipicao с кремом какао с вкладышем, 60г","39,99"
"Филе грудки цыплёнка-бройлера Первая Свежесть большое охлаждённое, 750г","289,99"
"Йогурт Teos Греческий Вишня 2%, 140г","53,99"
"Шоколад молочный Alpen Gold черника йогурт, 85г","99,98"
"Йогурт Teos Клубника Греческий 2%, 140г","53,99"
"Круассан 7 Days ягодное ассорти, 65г","39,99"
"Мини-круассаны 7 Days Double какао-ваниль, 300г","179,99"
"Батончик-мюсли #ПП личи в йогуртовой глазури, 30г","45,99"
Конфеты Рот Фронт батончики,"499,90"
"Сыр полутвёрдый Брест-Литовск Финский 45%, 200г","199,99"
Шоколадный батончик Milky Way Minis с суфле в молочном шоколаде,"879,99"
Батончики Bounty с нежной мякотью кокоса в молочном шоколаде,"879,99"
Конфеты Konti Княжеские,"819,99"
"Мини-круассаны 7 Days Double ваниль-вишня, 300г","169,99"
Конфеты Konti Золотая Лилия,"499,99"
"Икра кеты Путина зернистая лососёвая солёная, 120г","869,99"
"Шоколад белый Alpen Gold с миндалём и кокосовой стружкой, 85г","69,99"
"Круассан 7 Days Super Max с кремом какао, 110г","64,99"
"Продукт творожный Даниссимо тропическое манго-маракуйя 5.6%, 130г","49,99"
"Творог Искренне Ваш 9%, 180г","69,99"
Сыр полутвёрдый Радость Вкуса Русский 45%,"699,90"
"Сыр полутвёрдый Брест-Литовск Классический 45%, 200г","219,99"
Конфеты Махеевъ 35 с шоколадной начинкой,"349,90"
"Молоко Parmalat Natura Premium питьевое ультрапастеризованное 3.5%, 1л","129,99"
"Творожок Чудо Персик-Маракуйя 4.2%, 100г","49,99"
"Творог Карат+ зернёный домашний 4%, 200г","104,99"
"Сыр творожный Hochland Сливочный 60%, 220г","184,99"
Сыр Киприно Мастер сливочный шар 50%,1
"Крабовые палочки Меридиан Снежный краб, 200г","149,99"
"Слойка Мастер Пироговъ с сыром, 70г","55,99"
Сыр Киприно Российский шар 50%,1
"Шоколад белый Alpen Gold Пинаколада манго-ананас-маракуйя с кокосовой стружкой и воздушным рисом, 80г","99,98"
Сыр Тильзит 45%,"499,90"
"Шоколад молочный Alpen Gold Орео со вкусом арахисовой пасты и кусочками печенья, 90г","99,98"
Сыр полутвёрдый Ларец с грецкими орехами 50%,1
"Шпинат мини упаковка, 125г","119,99"
Конфеты Славянка Лёвушка с мягкой карамелью,"109,99"
Виноград Киш-миш,"199,99"
"Сыр Ламбер Тильзитер в нарезке 50%, 150г","239,99"
"Пирожное Mirel Муравейник, 420г","269,99"
Халва Рот Фронт глазированная в шоколадной глазури,"879,99"
Конфеты Яшкино Крокант с миндалём,"469,99"
"Продукт творожный Даниссимо с вишней и маскарпоне 5.6%, 130г","49,99"
"Продукт творожный Даниссимо со вкусом сливочной карамели с наполнителем 5,6%, 110г","47,99"
"Продукт творожный Даниссимо Сочная малина маракуйя с наполнителем 5,6%, 110г","47,99"
Шейка свиная без кости Перекрёсток,"499,00"
"Колбаски из говядины Мираторг Чевапчичи, 300г","149,99"
"Чебупели Горячая штучка с ветчиной и сыром, 300г","164,99"
Авокадо,"399,99"
Сыр Ламбер Традиционный 50%,"869,90"
"Творог Савушкин рассыпчатый 5%, 700г","309,99"
"Продукт творожный Даниссимо со вкусом пломбира 5,4%, 110г","47,99"
"Молоко Простоквашино топлёное 3.2%, 930мл","92,99"
"Продукт творожный Даниссимо со вкусом мороженого крем-брюле 5,5%, 110г","47,99"
Сыр Киприно Советский 50%,1
"Вермишель Роллтон с курицей на домашнем бульоне быстрого приготовления, 60г","45,99"
"Йогурт Даниссимо Фантазия белая глазурь со вкусом вишни и финика 6.9%, 105г","85,99"
"Продукт творожный Даниссимо банан в карамели и кофе с наполнителем 5.8%, 130г","49,99"
"Йогурт Даниссимо Фантазия клубника и молочный шоколад с хрустящими шариками в глазури 6.9%, 105г","85,99"
"Конфеты Halls Fresh & Chewy жевательные со вкусом арбуза, 47г","39,99"
"Молоко детское пастеризованное 2.5% Сарафаново, 930мл","75,99"
Салат Крабовый,"449,90"
"Энергетик Gorilla Orange безалкогольный газированный, 450мл","79,99"
"Напиток кофейный Nescafé латте растворимый, 18г","22,99"
"Молоко Село Зелёное пастеризованное 3.2%, 1.947л","169,99"
"Сыр плавленый Hochland Чизбургер ломтики 45%, 150г","94,99"
"Пудинг молочный Grand Dessert солёная карамель 4.7%, 200г","89,99"
"Сыр Hochland С ветчиной плавленый пастообразный 50%, 140г","99,99"
"Сыр Hochland Сливочный плавленый пастообразный 55%, 140г","99,99"
"Чай Ahmad Tea Английски завтрак чёрный в пакетиках, 25х2г","99,99"
"Чай Ahmad чёрный байховый листовой со вкусом и ароматом смородины в пакетиках, 25х1.5г","99,99"
"Сыр Hochland Ассорти синее плавленый пастообразный 50%, 140г","99,99"
"Кефир детский 1.5% Сарафаново, 930г","79,99"
"Пудинг молочный Grand Dessert Белый шоколад с клубничным муссом 6%, 200г","89,99"
"Сахар Чайкофский рафинад, 500г","73,99"
"Суп Knorr харчо с сухариками, 13.7г","29,99"
"Масло сладкосливочное Село Зелёное Традиционное несолёное 82.5%, 175г","139,99"
"Чай Greenfield Золотой Цейлон чёрный в пакетиках, 25х2г","134,99"
"Сыр плавленый Фетакса с маслинами и паприкой 45%, 200г","179,99"
"Суп Maggi Горячая кружка куриный с сухариками, 19г","31,99"
"Биойогурт детский яблоко-груша-амарант 2.9% Верховье, 150г","34,99"
"Пломбир Коровка из Кореновки шоколадный стаканчик, 100г","79,99"
"Сырок Свитлогорье 23%, 180г","119,99"
"Чай Tess Санрайз чёрный в пакетиках, 25х1.8г","124,99"
"Чай Tess Pleasure чёрный с шиповником и яблоком в пакетиках, 25х1.5г","124,99"
"Пудинг молочный Grand Dessert ваниль 4.7%, 200г","89,99"
"Напиток кофейный MacCoffee Original 3в1 растворимый, 10x20г","119,99"
"Чай Greenfield Молочный оолонг зелёный в пирамидках, 20х1.8г","174,99"
"Масло сливочное Экомилк Традиционное 82.5%, 180г","184,99"
"Чай зелёный Curtis Relax мелисса-лаванда-ромашка-лепестки цветов листовой, 15х1.7г","149,99"
"Чай Curtis Delicate Black чёрный байховый в пакетиках, 25х1.7г","134,99"
"Багет, 230г","39,99"
"Напиток чайный Herbarium Здоровый сон в пакетиках, 20х1.5г","95,99"
"Биотворог вишня-миндаль 4.2% Верховье, 140г","59,99"
"Майонез Слобода Провансаль 67%, 230г","69,99"
"Чай Curtis Summer Berries фруктовый в пирамидках, 20х1.47г","89,99"
"Корнишоны Дядя Ваня По-Французски, 460г","209,99"
"Сырок творожный Ростагроэкспорт с ванилином 16.5%, 90г","51,99"
"Чай Curtis Blue Berries blues чёрный чёрная смородина-ежевика-черника-василёк в пирамидках, 20х1.8г","89,99"
"Чай Richman Молочный оолонг зелёный китайский крупнолистовой, 100г","199,99"
"Кофе Lebo Extra арабика молотый, 200г","289,99"
"Эскимо Свитлогорье пломбир ванильное в глазури 15%, 80г","69,99"
"Чай Greenfield Blueberry Nights чёрный с ароматом черники и ежевики в пакетиках, 25х1.5г","144,99"
"Чай Curtis Delicate Mango зелёный в пирамидках, 20х1.8г","89,99"
"Чай Greenfield Черри блоссом фруктовый с ароматом вишни в пакетиках, 25х2г","129,99"
"Чай Лисма Насыщеный чёрный в пакетиках, 25х1.8г","46,99"
"Чай Lipton Открой гармонию чёрный с чабрецом в пакетиках, 25х1.5г","129,99"
"Хлеб формовой, 300г","39,99"
"Пломбир Чистая Линия Московская лакомка 12%, 80г","119,99"
"Чай Richard Королевский цейлон чёрный листовой, 90г","169,99"
"Сахар Naturiqa Экстра белый кусковой, 500г","69,99"
"Сырок Коровка из Корёновки в молочном шоколаде 23%, 50г","51,99"
"Сыр полутвёрдый Брест-Литовск Маасдам 45%, 200г","249,99"
"Чай Азерчай Букет чёрный байховый крупнолистовой, 100г","159,99"
"Десерт творожный Grand Duet Мечта единорога ягодное мороженое 5.5%, 135г","69,99"
"Кофе Jacobs Monarch натуральный растворимый сублимированный, 95г","499,99"
"Напиток чайный Русский Иван-чай смородина листовой, 50г","99,99"
"Томатная паста Маркет Перекрёсток, 140г","74,99"
"Мороженое сливочное 48 Копеек шоколадное с шоколадным соусом 8%, 232г","119,99"
"Чай Принцесса Ява Традиционный зелёный в пакетиках, 25х2г","56,99"
"Напиток чайный Принцесса Ява Каркадэ в пакетиках, 25х1.5г","48,99"
"Фасоль белая в томатном соусе Маркет Перекрёсток, 400г","109,99"
"Соус Mivimex Кавказский особо острый, 200мл","63,99"
"Чай Black Dragon зелёный с жасмином листовой, 100г","199,99"
"Эскимо Магнат Шоколадный трюфель сливочное с наполнителем-бисквитами в шоколаде 8%, 72г","119,99"
"Оливки Bonduelle Мансанилья с лимоном, 300г","139,99"
"Соус Heinz горчичный, 230мл","134,99"
"Кофе Egoiste Noir молотый, 250г","499,99"
"Шпроты Вкусные Консервы в масле, 240г","149,99"
"Чай Akbar Gold чёрный байховый крупнолистовой, 250г","639,99"
"Кофе Jardin Americano Crema молотый, 250г","419,99"
"Чай чёрный байховый с ароматом бергамота в пакетиках Пр!ст, 20х1.5г","18,90"
"Горчица Столичная С хреном, 100г","35,99"
"Кофе Жокей ирландские сливки молотый, 150г","299,99"
"Эскимо Айсберри пломбир в шоколадной глазури круглое, 80г","73,99"
"Соус соевый SanBonsai без глютена, 250мл","99,99"
"Эскимо Milka сливочное ванильное с шоколадным соусом в молочном шоколаде 8%, 62г","134,99"
"Соус Чим Чим Корейская заправка для фунчозы, 60мл","54,99"
"Кукуруза Globus сладкая, 340г","84,99"
"Уксус КомисКом столовый 9%, 500мл","49,99"
"Майонез Ряба Провансаль 67%, 400г","99,99"
"Кетчуп Heinz со вкусом укроп-петрушка для шашлыка 1 категории, 320г","99,99"
"Горчица Столовая Пр!ст, 150г","24,99"
"Соус SanBonsai чили острый, 300мл","129,99"
"Чашки одноразовые кофейные окрашенные Пр!ст, 12шт","54,90"
"Кофе Lavazza Qualita Oro молотый, 250г","479,99"
"Майонез Mr. Ricco на перепелином яйце 67%, 400г","89,99"
"Кетчуп Mr. Ricco Томатный Pomodoro Speciale, 350г","109,99"
"Соус Sen Soy Pad Thai Sauce столовый, 80мл","54,99"
"Чай чёрный листовой крупный с чабрецом рассыпной Market Collection, 100г","179,99"
"Чай Maitre de The Женьшень улун зелёный, 150г","459,99"
"Чай Принцесса Нури Высокогорный чёрный в пакетиках, 100х2г","189,99"
"Кетчуп Махеевъ Лечо с кусочками овощей, 500г","149,99"
"Соус кунжутный SanBonsai, 250мл","199,99"
"Эскимо Вологодский Пломбир с фундуком в шоколадной глазури 15%, 75г","91,99"
"Кетчуп Томатный Пр!ст, 800г","79,90"
"Хрен Столовый острый Пр!ст, 200г","69,99"
"Чай Milford Шиповник фруктовый в пакетиках, 20х2г","129,90"
"Кофе Lavazza Crema e Gusto молотый, 250г","439,99"
"Соус Sen Soy кисло-сладкий, 120мл","54,99"
"Майонез Я люблю готовить Московский Провансаль классический , 700 г","149,99"
"Горчица Uni Dan Баварская, 270г","85,99"
"Соус кунжутный Takemura, 215мл","329,99"
"Уксус столовый 9% Пр!ст, 1л","59,99"
"Чай Dilmah чёрный цейлонский крупнолистовой, 100г","129,99"
"Хрен Васаби столовый острый Пр!ст, 170г","69,99"
"Соус соевый Cholimex натурального брожения, 500мл","195,00"
"Соус Cholimex Шрирача чили острый, 520мл","299,99"
"Горчица Uni Dan Дижонская, 270г","79,99"
"Кофе Julius Meinl Юбилейный молотый, 250г","549,99"
"Алтайвита Черный чай с Чабрецом, 15x2г","139,99"
"Чай Basilur Белое волшебство зелёный байховый оолонг листовой, 100г","219,99"
"Килька 5 Морей натуральная в томатном соусе, 240г","109,99"
"Кофе Bushido Sensei молотый, 227г","639,99"
"Соус Filippo Berio Песто классический, 190мл","329,99"
"Аджика Стоевъ Грузинская перечная, 120мл","59,99"
"Чай Teatone чёрный с чабрецом, 15х1.8г","154,99"
"Кофе Московская кофейня на паяхъ Коломбо натуральный растворимый сублимированный, 95г","449,99"
"Паста Aroy-D Том Ям кисло-сладкая, 50мл","79,99"
"Огурчики Пиканта маринованные 3-6см, 520г","179,99"
"Напиток чайный Милфорд Иммунити эхинацея-имбирь, 20x1.75г","149,99"
"Чай Травы и Пчёлы Таёжный травяной, 80г","169,99"
"Соус Sen Soy Premium чили, 320мл","199,99"
"Хрен Дядя Ваня со свеклой, 140г","124,99"
Набор посуды одноразовые Комплект 5 Маркет Перекрёсток,"12,99"
"Чай Milford Релакс с мятой курчавой и розмарином, 20х1.75г","144,99"
"Нож Apollo Sapphire универсальный, 13см","119,99"
"Икра Ресторация Обломов баклажанная, 420г","179,99"
"Кружка Осз Капучино пожелания, 300мл","119,99"
"Икра Ресторация Обломов кабачковая, 420г","179,99"
"Сардина Доброфлот иваси тихоокеанская натуральная, 245г","129,99"
"Соус Barilla Napoletana томатный с овощами, 400мл","179,99"
"Соус Berni Песто с базиликом, 195мл","159,99"
"Соус Стебель Бамбука Sriracha чили, 500мл","199,99"
"Шпроты Вкусные Консервы крупные в масле, 240г","169,99"
"Огурцы Лукашинские Пикантные маринованные, 340г","199,99"
"Соус Sen Soy Тайский чили сладкий для курицы, 1.15л","349,99"
"Кофе Tchibo Gold Mokka молотый, 250г","259,99"
"Помидоры черри Меленъ с зеленью и чесноком маринованные, 940г","179,99"
"Лечо Eko По-болгарски, 680г","139,99"
"Аджика Амца Абхазская классическая, 200мл","249,99"
"Соус соевый SanBonsai Терияки, 300мл","129,99"
"Напиток чайный Herbarus Заряд витаминов с травами и ягодами в пакетиках, 24x1.8г","199,99"
"Кружка ОСЗ Гламур, 200мл","81,99"
"Оливки с анчоусом Маркет Перекрёсток, 300г","159,99"
"Соус фруктовый Кинто Ткемали классический, 300мл","189,99"
"Соус Berni Песто с томатами, 195мл","159,99"
"Стакан Pasabahce Allegra Healthy Lifestyle PSB 41536, 425мл","65,90"
"Кофе Solo Venetica Arabica 100% натуральный жареный молотый, 250г","479,98"
"Огурцы Лукашинские По-домашнему солёные для дошкольного и школьного питания, 350г","169,99"
"Огурцы Валдайский Погребок старорусские с мёдом и клюквой солёные, 680г","179,99"
"Кофе Dell Arabica Brasil Santos в зёрнах, 500г",2
"Кофе Carte Noire Crema Delice натуральный жареный молотый, 230г","799,99"
"Соус-песто Alla Genovese Creamy Market Collection, 180мл","249,99"
"Налим Легенда Ямала пресноводный обжаренный в томатном соусе, 240г","129,99"
"Капуста квашеная шинкованная с морковью Зелёная Линия, 800г","239,99"
"Икра Арарат баклажанная домашняя стерилизованная, 460г","189,99"
"Отзывы: Соус соевый SanBonsai Терияки, 300мл","129,99"
"Лечо Павловские в густом томатном соусе, 680г","259,99"
"Соус Кинто Мегрельский перечный, 190г","209,00"
"Горчица Кинто Ротисьер, 170мл","79,99"
"Горчица Кинто Дижонская, 170г","79,99"
"Горчица Кинто Баварская Октоберфест, 170г","79,99"
"Соус Remia Black Jack BBQ классический, 450мл","459,99"
"Соус Богатство Вкуса Сацебели классический, 310мл","159,99"
"Чай AltaiVita Солнечный день травяной вкусный и полезный в пирамидках, 10х4г","209,99"
Бумага туалетная Zewa Just1 4шт 4 слоя,"259,99"
"Томаты Медовые черри красные круглые, 200г","149,99"
"Патиссоны маринованные целые Маркет Перекрёсток, 680г","149,99"
"Лук репчатый, 600г","79,99"
"Окорок Егорьевская КГФ Тамбовский копчёно-варёный категория Б, 180г","199,99"
"Аджика Кинто Бакинская, 265мл","189,99"
"Соус томатный Славянский Дар По-грузински, 360мл","129,99"
"Оливки Casa Rinaldi без косточки, 300г","349,99"
"Оливки Iposea Bella di Cerignola с косточкой, 310г","419,99"
"Хрен Кинто со сливками, 190г","169,99"
"Чай AltaiVita Хохот Шамана травяной тонизирующий в пирамидках, 10х4г","219,99"
"Колбаса варёная КампоМос Докторская категория А, 300г","149,99"
"Напиток чайный Иван-чай с чабрецом Зелёная Линия, 60г","159,99"
"Говядина сырокопчёная Егорьевская КГФ Брезаола категория А в нарезке, 80г","229,99"
"Чай Травы и Пчёлы Крымский травяной, 80г","279,99"
"Сыр Schonfeld Эдам нарезка 45%, 125г","159,99"
"Чай Травы и Пчёлы Северный травяной, 80г","239,99"
"Чай Сугревъ Апельсиновый пай чёрный, 60г","164,99"
"Сыр Schonfeld Тильзитер нарезка 45%, 125г","154,99"
Буженина Егорьевская Боярская варёная запечённая,"799,90"
"Диски ватные Я самая Мягкие и нежные, 120шт","114,99"
"Паштет Формула ГОСТа из печени и икры тресковых рыб, 220г","129,99"
"Голубика Маркет Fresh, 125г","199,99"
"Напиток чайный Floris лесные ягоды крымские, 80г","159,99"
"Оливки Astir Каламата с косточкой, 250г","429,99"
"Паштет Рублёвский Утка с черносливом мясной деликатесный, 200г","169,99"
"Каперсы Iberica, 100г","129,99"
"Колбаса сырокопчёная Егорьевская КГФ Столичная в нарезке, 100г","229,99"
"Ассорти оливок с косточкой Market Collection, 200г","339,99"
"Редис красный, 500г","79,99"
"Грибы белые Кедровый Бор маринованные резаные, 500г","759,99"
"Мыло Safeguard классическое, 90г","84,99"
"Зубная паста Splat Professional Отбеливание плюс для отбеливания зубов и защиты эмали, 100мл","249,99"
"Оливки Delphi копчёные на дубовых опилках в рассоле, 350г","399,99"
"Зубная паста President White для ежедневного отбеливания, 75г","359,99"
"Палочки ватные Я самая косметические для снятия макияжа, 200шт","119,99"
Зубная щетка President Sensitive мягкая,"289,99"
Зубная щетка President Profi Ortho для брекет-систем ортодонтическая средняя жесткость,"379,99"
Зубная щетка President White с отбеливающим эффектом жесткая,"289,99"
"Тампоны Tampax Compak super plus, 16шт","399,99"
"Артишоки Berni гриль, 280г","399,99"
"Прокладки Always Ultra normal, 20шт","309,99"
"Прокладки ежедневные Discreet Water lily multiform, 60шт","249,99"
Зубная щетка Splat Junior инновационная детская от 5 лет с ионами серебра мягкая,"199,99"
Зубная щетка President Classic для ежеджневного ухода средняя жесткость,"279,99"
Зубная щетка Splat Kids 2-8 лет детская антибактериальная мягкая,"199,99"
Зубная щетка President Smokers жесткая,"279,99"
"Зубная паста Splat Junior натуральная детская от 6 до 11 лет бабл гам без фтора, 55мл","249,99"
"Бритва Gillette Blue II одноразовая женская, 5шт","199,99"
Зубная щетка President Exclusive cредняя жесткость,"279,99"
"Мыло хозяйственное Солнышко с ароматом лимона, 140г","55,99"
"Мыло Palmolive Натурэль туалетное твердое с экстрактом оливы и увлажняющим молочком, 90г","91,99"
"Манго Lutik ломтики в лёгком сиропе, 425г","199,99"
"Мыло Absolut антибактериальное, 90г","41,99"
"Мыло Palmolive Роскошь Масел туалетное твердое с маслом миндаля и камелии, 90г","91,99"
"Мыло хозяйственное 72% Пр!ст, 150г","39,99"
Бумага туалетная Papia 12шт белая 3 слоя,"459,99"
"Тампоны Tampax Compak super, 16шт","399,99"
Зубная щётка R.O.C.S. Black Edition Classic средней жёсткости в ассортименте,"289,99"
"Мыло Absolut с маслом чайного дерева, 90г","45,99"
"Мыло жидкое Synergetic лаванда биоразлагаемое, 500мл","179,99"
